{"cameraMode":{"drawMode":0,"name":"Shaded","section":"Shading Mode"},"sceneLighting":true,"audioPlay":false,"sceneViewState":{"showFog":true,"showMaterialUpdate":false,"showSkybox":true,"showFlares":true,"showImageEffects":true,"showParticleSystems":true},"in2DMode":false,"pivot":{"x":-0.2622947692871094,"y":1.270841121673584,"z":1.694930076599121},"rotation":{"x":-0.17491477727890016,"y":0.749657154083252,"z":-0.21866272389888764,"w":-0.5996750593185425},"size":4.765914440155029,"orthographic":false}